{
  "info": {
    "_postman_id": "08cf915a-9f5b-457a-b704-6f26b019fc1b",
    "name": "GangaBox",
    "schema": "https://schema.getpostman.com/json/collection/v2.1.0/collection.json"
  },
  "item": [
    {
      "name": "shopify",
      "item": [
        {
          "name": "edit customer",
          "request": {
            "method": "PUT",
            "header": [
              {
                "key": "X-Shopify-Access-Token",
                "value": "0ffd467efccea805c162de36846ad1f3",
                "type": "text"
              },
              {
                "key": "Content-Type",
                "name": "Content-Type",
                "value": "application/json",
                "type": "text"
              }
            ],
            "body": {
              "mode": "raw",
              "raw": "{\n  \"customer\": {\n    \"id\": 2848108871714,\n    \"email\": \"abhishek.savani000888@peerbits.com\",\n    \"note\": \"Customer is a great guy\"\n  }\n}",
              "options": {
                "raw": {
                  "language": "json"
                }
              }
            },
            "url": {
              "raw": "https://gangaboxshop.myshopify.com/admin/api/2020-01/customers/2848108871714.json",
              "protocol": "https",
              "host": ["gangaboxshop", "myshopify", "com"],
              "path": ["admin", "api", "2020-01", "customers", "2848108871714.json"]
            }
          },
          "response": []
        },
        {
          "name": "get customer",
          "request": {
            "method": "GET",
            "header": [
              {
                "key": "X-Shopify-Access-Token",
                "value": "0ffd467efccea805c162de36846ad1f3",
                "type": "text"
              },
              {
                "key": "Content-Type",
                "name": "Content-Type",
                "value": "application/json",
                "type": "text"
              }
            ],
            "url": {
              "raw": "https://gangaboxshop.myshopify.com/admin/api/2020-01/customers.json",
              "protocol": "https",
              "host": ["gangaboxshop", "myshopify", "com"],
              "path": ["admin", "api", "2020-01", "customers.json"]
            }
          },
          "response": []
        },
        {
          "name": "get customer By id",
          "request": {
            "method": "GET",
            "header": [
              {
                "key": "X-Shopify-Access-Token",
                "value": "0ffd467efccea805c162de36846ad1f3",
                "type": "text"
              },
              {
                "key": "Content-Type",
                "name": "Content-Type",
                "value": "application/json",
                "type": "text"
              }
            ],
            "url": {
              "raw": "https://gangaboxshop.myshopify.com/admin/api/2020-01/customers/2848108871714.json",
              "protocol": "https",
              "host": ["gangaboxshop", "myshopify", "com"],
              "path": ["admin", "api", "2020-01", "customers", "2848108871714.json"]
            }
          },
          "response": []
        }
      ],
      "protocolProfileBehavior": {}
    },
    {
      "name": "Token",
      "event": [
        {
          "listen": "test",
          "script": {
            "id": "c7a08191-11b3-415d-9187-678660466009",
            "exec": [
              "var jsonData = JSON.parse(responseBody);\r",
              "postman.setEnvironmentVariable('token', jsonData.data.auth.type+' '+jsonData.data.auth.token);"
            ],
            "type": "text/javascript"
          }
        }
      ],
      "request": {
        "method": "POST",
        "header": [
          {
            "key": "Content-Type",
            "name": "Content-Type",
            "type": "text",
            "value": "application/x-www-form-urlencoded"
          }
        ],
        "body": {
          "mode": "urlencoded",
          "urlencoded": [
            {
              "key": "device_type",
              "value": "1",
              "type": "text"
            },
            {
              "key": "device_id",
              "value": "111777",
              "type": "text",
              "disabled": true
            }
          ]
        },
        "url": {
          "raw": "{{local}}/api/getToken",
          "host": ["{{local}}"],
          "path": ["api", "getToken"]
        }
      },
      "response": []
    },
    {
      "name": "Register",
      "request": {
        "method": "POST",
        "header": [
          {
            "key": "Content-Type",
            "name": "Content-Type",
            "value": "application/x-www-form-urlencoded",
            "type": "text"
          },
          {
            "key": "Authorization",
            "value": "{{token}}",
            "type": "text"
          }
        ],
        "body": {
          "mode": "urlencoded",
          "urlencoded": [
            {
              "key": "full_name",
              "value": "Abhishek_Test11",
              "type": "text"
            },
            {
              "key": "country_code",
              "value": "CA",
              "type": "text",
              "disabled": true
            },
            {
              "key": "password",
              "value": "123456",
              "type": "text"
            },
            {
              "key": "device_id",
              "value": "dadhaksdlad",
              "type": "text",
              "disabled": true
            },
            {
              "key": "device_type",
              "value": "1",
              "type": "text"
            },
            {
              "key": "email",
              "value": "abhishek.savani.test_28_1_20___8@peerbits.com",
              "type": "text"
            },
            {
              "key": "mobile_number",
              "value": "+919601375145",
              "type": "text",
              "disabled": true
            }
          ]
        },
        "url": {
          "raw": "{{local}}/api/register",
          "host": ["{{local}}"],
          "path": ["api", "register"]
        }
      },
      "response": []
    },
    {
      "name": "contactUs",
      "request": {
        "method": "POST",
        "header": [
          {
            "key": "Content-Type",
            "name": "Content-Type",
            "value": "application/x-www-form-urlencoded",
            "type": "text"
          },
          {
            "key": "Authorization",
            "value": "{{token}}",
            "type": "text"
          }
        ],
        "body": {
          "mode": "urlencoded",
          "urlencoded": [
            {
              "key": "subject",
              "value": "test",
              "type": "text"
            },
            {
              "key": "message",
              "value": "bola na test",
              "type": "text"
            }
          ]
        },
        "url": {
          "raw": "{{local}}/api/contactUs",
          "host": ["{{local}}"],
          "path": ["api", "contactUs"]
        }
      },
      "response": []
    },
    {
      "name": "Login",
      "request": {
        "method": "POST",
        "header": [
          {
            "key": "Content-Type",
            "name": "Content-Type",
            "value": "application/x-www-form-urlencoded",
            "type": "text"
          },
          {
            "key": "Authorization",
            "value": "{{token}}",
            "type": "text"
          }
        ],
        "body": {
          "mode": "urlencoded",
          "urlencoded": [
            {
              "key": "email",
              "value": "abhishek.savani.test_28_1_20___8@peerbits.com",
              "type": "text"
            },
            {
              "key": "password",
              "value": "123456",
              "type": "text"
            },
            {
              "key": "device_type",
              "value": "1",
              "type": "text"
            },
            {
              "key": "device_id",
              "value": "dfdsfdsfdsfds",
              "type": "text"
            }
          ],
          "options": {
            "raw": {
              "language": "json"
            }
          }
        },
        "url": {
          "raw": "{{local}}/api/login",
          "host": ["{{local}}"],
          "path": ["api", "login"]
        }
      },
      "response": []
    },
    {
      "name": "logout",
      "request": {
        "method": "POST",
        "header": [
          {
            "key": "Content-Type",
            "name": "Content-Type",
            "value": "application/x-www-form-urlencoded",
            "type": "text"
          },
          {
            "key": "Authorization",
            "value": "{{token}}",
            "type": "text"
          }
        ],
        "url": {
          "raw": "{{local}}/api/logout",
          "host": ["{{local}}"],
          "path": ["api", "logout"]
        }
      },
      "response": []
    },
    {
      "name": "Social Login",
      "request": {
        "method": "POST",
        "header": [
          {
            "key": "Content-Type",
            "name": "Content-Type",
            "type": "text",
            "value": "application/x-www-form-urlencoded"
          },
          {
            "key": "Authorization",
            "type": "text",
            "value": "{{token}}"
          }
        ],
        "body": {
          "mode": "urlencoded",
          "urlencoded": [
            {
              "key": "social_id",
              "value": "00780021g11",
              "type": "text"
            },
            {
              "key": "social_type",
              "value": "1",
              "type": "text"
            },
            {
              "key": "full_name",
              "value": "abhishek",
              "type": "text",
              "disabled": true
            },
            {
              "key": "mobile_number",
              "value": "+919601375852",
              "type": "text",
              "disabled": true
            },
            {
              "key": "country_code",
              "value": "CA",
              "type": "text",
              "disabled": true
            },
            {
              "key": "image",
              "value": "https://picsum.photos/200",
              "type": "text"
            },
            {
              "key": "email",
              "value": "abhishek.savani___1111g@peerbits.com",
              "type": "text"
            },
            {
              "key": "device_id",
              "value": "2255852",
              "type": "text",
              "disabled": true
            },
            {
              "key": "device_type",
              "value": "1",
              "type": "text"
            }
          ],
          "options": {
            "raw": {
              "language": "json"
            }
          }
        },
        "url": {
          "raw": "{{local}}/api/socialLogin",
          "host": ["{{local}}"],
          "path": ["api", "socialLogin"]
        }
      },
      "response": []
    },
    {
      "name": "Power Usage",
      "request": {
        "method": "POST",
        "header": [
          {
            "key": "Content-Type",
            "name": "Content-Type",
            "value": "application/x-www-form-urlencoded",
            "type": "text"
          },
          {
            "key": "Authorization",
            "value": "{{token}}",
            "type": "text"
          }
        ],
        "body": {
          "mode": "urlencoded",
          "urlencoded": [
            {
              "key": "device_id",
              "value": "5e044d2df3db9ee548ee9f8e",
              "type": "text"
            }
          ]
        },
        "url": {
          "raw": "{{client}}/device/powerusage",
          "host": ["{{client}}"],
          "path": ["device", "powerusage"]
        }
      },
      "response": []
    },
    {
      "name": "Change Password",
      "request": {
        "method": "PUT",
        "header": [
          {
            "key": "Content-Type",
            "name": "Content-Type",
            "value": "application/x-www-form-urlencoded",
            "type": "text"
          },
          {
            "key": "Authorization",
            "value": "{{token}}",
            "type": "text"
          }
        ],
        "body": {
          "mode": "urlencoded",
          "urlencoded": [
            {
              "key": "old_password",
              "value": "123456677",
              "description": "not required",
              "type": "text",
              "disabled": true
            },
            {
              "key": "new_password",
              "value": "12345677",
              "type": "text"
            }
          ]
        },
        "url": {
          "raw": "{{local}}/api/changePassword",
          "host": ["{{local}}"],
          "path": ["api", "changePassword"]
        }
      },
      "response": []
    },
    {
      "name": "Edit Profile",
      "request": {
        "method": "PUT",
        "header": [
          {
            "key": "Authorization",
            "type": "text",
            "value": "{{token}}"
          },
          {
            "key": "Content-Type",
            "name": "Content-Type",
            "value": "application/x-www-form-urlencoded",
            "type": "text"
          }
        ],
        "body": {
          "mode": "formdata",
          "formdata": [
            {
              "key": "full_name",
              "value": "test_abhiraj1",
              "type": "text"
            },
            {
              "key": "country_code",
              "value": "12345667711",
              "type": "text",
              "disabled": true
            },
            {
              "key": "mobile_number",
              "value": "",
              "type": "text",
              "disabled": true
            },
            {
              "key": "image",
              "value": "https://picsum.photos/200",
              "type": "text"
            },
            {
              "key": "image",
              "type": "file",
              "src": "/Users/peerbits/Downloads/Untitled.png",
              "disabled": true
            }
          ]
        },
        "url": {
          "raw": "{{local}}/api/editProfile",
          "host": ["{{local}}"],
          "path": ["api", "editProfile"]
        }
      },
      "response": []
    }
  ],
  "protocolProfileBehavior": {}
}
